"feature","phi"
"DOC",-0.954102202037005
"Cum_Feed",-0.657071370595933
"Daily__feed",0.615310483168616
"FTF3",0.266720306572981
"FTF4",0.236418005771778
"pH",0.141265146565852
"FTF2",-0.137345227806725
"FTF1",0.105621175047678
"Pond_Type.BFT",0.0707736500241307
"Farm_ID.F003",0.0644687172457824
