"feature","phi"
"Cum_Feed",-0.678553789943255
"DOC",-0.663902199333524
"Daily__feed",0.568690598842607
"FTF2",-0.229489588452866
"Farm_ID.F003",0.186458169075247
"FTF4",0.164680401479764
"Pond_Type.BFT",0.144759468485457
"FTF3",0.11897287216102
"pH",0.0771561595934905
"Temp_PM",0.0670707450818504
