"feature","phi"
"DOC",-1.16505426002638
"Cum_Feed",-0.825557508353843
"Daily__feed",0.764232124496201
"FTF4",0.448344964188551
"FTF2",-0.246756372863772
"FTF3",0.237870225751533
"pH",0.133553262287628
"FTF1",-0.0678038519060641
"Pond_Type.BFT",0.0563350457519255
"Farm_ID.F003",0.0531379543809531
