"feature","phi"
"Daily__feed",0.302577438354492
"FTF3",0.297140662670136
"Cum_Feed",-0.244928243160248
"DOC",-0.239737327694893
"FTF4",0.172198891639709
"Temp",-0.103746510744095
"FTF2",-0.0833771800994873
"PH_PM",-0.0746020221710205
"Farm_ID.F003",0.0441532421112061
"Alkalinity",0.0373003196716309
