"feature","phi"
"DOC",-0.395868173837662
"FTF3",0.309597562551498
"Daily__feed",0.258456296920776
"FTF4",0.173626165390015
"Temp",-0.118640141487122
"FTF2",-0.104722188711166
"Farm_ID.F003",0.100262520313263
"Cum_Feed",-0.0892465877532959
"PH_PM",-0.0830501365661621
"FCR",0.0617388248443604
