"feature","phi"
"DOC",-0.851719808504625
"Cum_Feed",-0.742661996043473
"Daily__feed",0.686999845474921
"FTF4",0.321097550168524
"FTF3",0.24079507278941
"FTF2",-0.163792116470845
"Farm_ID.F003",0.156952539290994
"Pond_Type.BFT",0.139149299327981
"pH",0.101675108250881
"Variant.SIS.GROWTH.LINE",0.0332358183563487
