"feature","phi"
"DOC",-2.51386084628372
"pH",2.18923335981129
"PH_PM",-1.15304588926
"FTF4",0.939425960891146
"POND_SIZE_Ha",-0.824094464770841
"FCR",0.670149229368574
"FTF1",-0.66625875792456
"Temp",0.6638408072677
"Daily__feed",-0.52416510429944
"PL__SIZE",-0.475306541009266
