"feature","phi"
"DOC",-0.446957041025162
"Cum_Feed",-0.376262760162353
"Daily__feed",0.333277235031128
"FTF3",0.294258791804314
"FTF4",0.209199701547623
"Farm_ID.F003",0.150948662757874
"Temp",-0.126710177659988
"FTF2",-0.09911003947258
"FTF1",-0.077092342376709
"Pond_Type.BFT",0.0531463432312012
