"feature","phi"
"pH",2.73933618180749
"PH_PM",-1.82058348248951
"DOC",-1.43528098094558
"Stocking_Density",1.0535812953162
"POND_SIZE_Ha",-0.813101071070268
"FTF3",0.782720110050914
"PL__SIZE",-0.713821899189002
"FTF1",-0.61654735409825
"Salinity",0.381133313138379
"FTF4",0.375353901412011
