"feature","phi"
"DOC",-8.13776656502858
"Cum_Feed",-1.0972948682867
"FTF1",-1.05945141941309
"FTF2",-0.579396939575672
"FTF3",0.501280950102955
"PH_PM",-0.301720432192087
"Stocking_Density",-0.171100447773933
"Daily__feed",-0.0859794198721647
"Farm_ID.F003",0.0558122190833092
"FTF4",0.0416416119039059
