"feature","phi"
"pH",3.12696513625119
"DOC",-2.69704208217222
"PH_PM",-1.51453848894916
"FTF3",1.17452312811823
"POND_SIZE_Ha",-0.942081407100872
"FTF1",-0.921257568842865
"FCR",0.702212211648457
"FTF4",0.648397244297006
"Daily__feed",-0.63071255162785
"FTF2",-0.572497747285465
