"feature","phi"
"DOC",-8.14840052129657
"Cum_Feed",-1.3504663098477
"FTF2",-1.05038905534941
"FTF1",-0.773231471012671
"FTF4",0.277567411978066
"FTF3",-0.173158203252138
"Daily__feed",0.172047913282158
"pH",0.0943333073847938
"PH_PM",-0.065399145897516
"Stocking_Density",-0.0334767205646267
