"feature","phi"
"DOC",-0.398770577907562
"FTF3",0.308330426216125
"Daily__feed",0.257144119739532
"Cum_Feed",-0.205797834396362
"FTF4",0.182277045249939
"Temp",-0.104146978855133
"Farm_ID.F003",0.0796455669403076
"FCR",0.0687318563461304
"PH_PM",-0.0656851959228516
"FTF1",0.0593161737918854
