"feature","phi"
"pH",2.61618931069448
"PH_PM",-1.8908795353166
"DOC",-1.64739900632482
"FTF4",0.863646117519938
"POND_SIZE_Ha",-0.713262460315425
"FTF3",0.613860857084124
"PL__SIZE",-0.604803157069246
"FTF1",-0.599566419295099
"Temp",0.554228441809737
"FCR",0.543986634994443
