"feature","phi"
"DOC",-2.51621253629869
"FTF1",-2.28118175182327
"pH",1.98974273064751
"PH_PM",-1.44183289285701
"FTF4",1.02159473385472
"POND_SIZE_Ha",-0.906539196241688
"PL__SIZE",-0.723842766057145
"Daily__feed",-0.696208068569799
"FTF3",0.497561128338038
"Temp",0.479650263393236
